rmse_best,mae_best,r2_best
3763.650718440112,2169.1826966114513,0.12679100036621094
