rmse_best,mae_best,r2_best
3865.6532144211483,2246.552640720516,0.07881808280944824
