accuracy,precision,recall,f1,auc
0.1688888888888889,0.1688888888888889,1.0,0.2889733840304182,0.5
