accuracy,precision,recall,f1,auc
0.7375,0.8275862068965517,0.8135593220338984,0.8205128205128205,0.6912832929782082
