accuracy,precision,recall,f1,auc
0.65,0.8974358974358975,0.5932203389830508,0.7142857142857143,0.6965294592413236
