accuracy,precision,recall,f1,auc
0.7442748091603053,0.0,0.0,0.0,0.48103587906154904
