accuracy,precision,recall,f1,auc
0.7427480916030534,0.2857142857142857,0.005988023952095809,0.011730205278592375,0.4931668425444194
