accuracy,precision,recall,f1,auc
0.6774436090225564,0.2222222222222222,0.0047169811320754715,0.009237875288683603,0.49684753634053896
