accuracy,precision,recall,f1,auc
0.318796992481203,0.318796992481203,1.0,0.48346636259977194,0.5
