accuracy,precision,recall,f1,auc
0.827893175074184,0.2857142857142857,0.017699115044247787,0.03333333333333333,0.41802722698089695
