accuracy,precision,recall,f1,auc
0.2851851851851852,0.2851851851851852,1.0,0.4438040345821326,0.5
