accuracy,precision,recall,f1,auc
0.7148148148148148,0.0,0.0,0.0,0.5220846511001951
