accuracy,precision,recall,f1,auc
0.2837037037037037,0.2837037037037037,1.0,0.4420080784766301,0.5
