accuracy,precision,recall,f1,auc
0.6037037037037037,0.3869047619047619,0.6788511749347258,0.4928909952606635,0.6275674274559147
