accuracy,precision,recall,f1,auc
0.4544776119402985,0.18337408312958436,0.15889830508474576,0.170261066969353,0.3870528391783176
