accuracy,precision,recall,f1,auc
0.46940298507462686,0.2106537530266344,0.1843220338983051,0.19661016949152543,0.40299758845583067
