accuracy,precision,recall,f1,auc
0.7125,0.78125,0.847457627118644,0.8130081300813008,0.5903954802259888
