rmse_best,mae_best,r2_best
3828.6635620325856,2249.6364945713435,0.05679166316986084
