rmse_best,mae_best,r2_best
3656.5116377099744,2206.4825434251775,0.13970547914505005
