accuracy,precision,recall,f1,auc
0.29253731343283584,0.29253731343283584,1.0,0.45265588914549654,0.5
